Weather for Valsad (lat 20.61, lon 72.93)
Source: Open-Meteo archive, 2021-01-01 to 2026-06-30
Daily precipitation (mm) and mean temperature (C)
date,precipitation_sum,temperature_2m_mean
2021-01-01,0.0,22.9
2021-01-02,0.1,23.0
2021-01-03,0.0,22.0
2021-01-04,0.1,21.5
2021-01-05,0.0,21.8
2021-01-06,0.0,22.2
2021-01-07,0.4,23.7
2021-01-08,3.3,23.5
2021-01-09,3.4,23.8
2021-01-10,0.0,25.6
2021-01-11,0.0,26.2
2021-01-12,0.0,25.9
2021-01-13,0.0,23.9
2021-01-14,0.0,22.3
2021-01-15,0.0,21.8
2021-01-16,0.0,20.4
2021-01-17,0.0,21.4
2021-01-18,0.0,21.7
2021-01-19,0.0,22.1
2021-01-20,0.0,21.2
2021-01-21,0.0,21.0
2021-01-22,0.0,22.1
2021-01-23,0.0,22.3
2021-01-24,0.0,21.7
2021-01-25,0.0,20.9
2021-01-26,0.0,20.8
2021-01-27,0.0,20.9
2021-01-28,0.0,20.9
2021-01-29,0.0,22.0
2021-01-30,0.0,22.0
2021-01-31,0.0,22.3
2021-02-01,0.0,24.5
2021-02-02,0.0,24.7
2021-02-03,0.0,23.5
2021-02-04,0.0,23.4
2021-02-05,0.0,23.0
2021-02-06,0.0,23.9
2021-02-07,0.0,24.2
2021-02-08,0.0,23.7
2021-02-09,0.0,23.0
2021-02-10,0.0,23.7
2021-02-11,0.0,23.7
2021-02-12,0.0,24.0
2021-02-13,0.0,23.3
2021-02-14,0.0,23.6
2021-02-15,0.0,23.4
2021-02-16,0.0,22.7
2021-02-17,0.0,23.5
2021-02-18,0.0,25.8
2021-02-19,0.1,25.5
2021-02-20,0.0,26.2
2021-02-21,0.0,27.1
2021-02-22,0.0,27.3
2021-02-23,0.0,27.0
2021-02-24,0.0,26.9
2021-02-25,0.0,26.9
2021-02-26,0.0,25.3
2021-02-27,0.0,25.9
2021-02-28,0.0,26.5
2021-03-01,0.0,27.3
2021-03-02,0.0,27.0
2021-03-03,0.0,27.4
2021-03-04,0.0,28.2
2021-03-05,0.0,28.1
2021-03-06,0.0,26.2
2021-03-07,0.0,25.9
2021-03-08,0.0,25.7
2021-03-09,0.0,27.1
2021-03-10,0.0,27.1
2021-03-11,0.0,26.1
2021-03-12,0.0,26.1
2021-03-13,0.0,28.0
2021-03-14,0.0,28.6
2021-03-15,0.0,28.3
2021-03-16,0.0,28.1
2021-03-17,0.0,28.7
2021-03-18,0.0,28.3
2021-03-19,0.0,27.4
2021-03-20,0.0,25.9
2021-03-21,0.0,26.3
2021-03-22,0.0,26.6
2021-03-23,0.0,27.8
2021-03-24,0.0,29.2
2021-03-25,0.0,30.0
2021-03-26,0.0,29.9
2021-03-27,0.0,30.3
2021-03-28,0.0,29.4
2021-03-29,0.0,27.4
2021-03-30,0.0,26.9
2021-03-31,0.0,26.8
2021-04-01,0.0,27.2
2021-04-02,0.0,26.7
2021-04-03,0.0,26.9
2021-04-04,0.0,27.0
2021-04-05,0.0,27.0
2021-04-06,0.0,28.3
2021-04-07,0.0,28.5
2021-04-08,0.0,28.7
2021-04-09,0.0,28.2
2021-04-10,0.0,28.1
2021-04-11,0.0,28.9
2021-04-12,0.0,29.8
2021-04-13,0.0,30.1
2021-04-14,0.0,30.7
2021-04-15,0.0,29.5
2021-04-16,0.0,28.4
2021-04-17,0.0,29.4
2021-04-18,0.0,30.8
2021-04-19,0.0,29.8
2021-04-20,0.0,29.0
2021-04-21,0.1,29.0
2021-04-22,0.0,29.2
2021-04-23,0.0,28.6
2021-04-24,0.0,28.8
2021-04-25,0.0,30.5
2021-04-26,0.6,31.0
2021-04-27,0.0,30.4
2021-04-28,1.2,29.9
2021-04-29,1.0,30.3
2021-04-30,0.0,29.9
2021-05-01,2.4,30.9
2021-05-02,1.3,30.8
2021-05-03,0.0,30.5
2021-05-04,0.0,31.1
2021-05-05,0.0,30.6
2021-05-06,0.0,30.6
2021-05-07,0.0,30.4
2021-05-08,0.0,30.4
2021-05-09,0.0,30.3
2021-05-10,0.0,29.8
2021-05-11,0.0,29.8
2021-05-12,0.2,29.7
2021-05-13,0.0,29.5
2021-05-14,0.0,29.2
2021-05-15,0.0,30.6
2021-05-16,0.1,34.8
2021-05-17,59.9,28.5
2021-05-18,59.7,26.3
2021-05-19,5.0,27.7
2021-05-20,0.1,28.8
2021-05-21,0.0,28.4
2021-05-22,0.3,28.7
2021-05-23,0.8,29.0
2021-05-24,1.2,29.0
2021-05-25,0.0,28.9
2021-05-26,0.0,29.3
2021-05-27,2.0,29.6
2021-05-28,1.4,29.5
2021-05-29,0.8,29.4
2021-05-30,2.5,29.3
2021-05-31,0.4,29.7
2021-06-01,1.5,29.6
2021-06-02,1.1,28.9
2021-06-03,0.3,29.3
2021-06-04,1.0,29.2
2021-06-05,2.6,28.5
2021-06-06,2.4,28.2
2021-06-07,1.6,28.4
2021-06-08,4.3,28.5
2021-06-09,12.4,27.6
2021-06-10,8.8,27.4
2021-06-11,6.7,27.7
2021-06-12,4.0,28.2
2021-06-13,4.2,28.5
2021-06-14,4.6,28.4
2021-06-15,3.3,27.7
2021-06-16,6.2,27.6
2021-06-17,7.2,26.6
2021-06-18,6.5,26.7
2021-06-19,11.0,26.2
2021-06-20,8.4,26.9
2021-06-21,6.9,27.4
2021-06-22,3.7,28.0
2021-06-23,3.5,28.3
2021-06-24,20.3,26.6
2021-06-25,16.2,27.2
2021-06-26,4.8,28.0
2021-06-27,2.1,27.8
2021-06-28,11.7,27.0
2021-06-29,1.0,27.8
2021-06-30,4.2,28.0
2021-07-01,4.0,28.2
2021-07-02,3.4,28.1
2021-07-03,2.3,28.1
2021-07-04,1.3,27.8
2021-07-05,2.2,28.0
2021-07-06,1.7,28.2
2021-07-07,1.0,28.7
2021-07-08,2.3,28.9
2021-07-09,1.8,28.3
2021-07-10,3.1,27.7
2021-07-11,13.9,27.7
2021-07-12,11.1,28.1
2021-07-13,10.7,27.4
2021-07-14,12.5,26.9
2021-07-15,14.7,27.3
2021-07-16,3.3,27.5
2021-07-17,6.5,27.7
2021-07-18,33.0,27.1
2021-07-19,32.5,27.0
2021-07-20,15.6,27.1
2021-07-21,22.8,27.3
2021-07-22,9.8,27.6
2021-07-23,26.1,27.0
2021-07-24,20.6,27.2
2021-07-25,17.1,26.3
2021-07-26,22.5,26.6
2021-07-27,15.5,26.2
2021-07-28,13.3,27.2
2021-07-29,10.5,27.3
2021-07-30,4.1,27.4
2021-07-31,4.7,27.4
2021-08-01,6.1,26.9
2021-08-02,3.5,26.7
2021-08-03,5.1,26.8
2021-08-04,4.7,26.6
2021-08-05,4.8,26.9
2021-08-06,3.8,27.0
2021-08-07,2.6,26.7
2021-08-08,3.0,26.7
2021-08-09,2.3,26.8
2021-08-10,2.5,26.5
2021-08-11,5.4,26.7
2021-08-12,5.8,26.8
2021-08-13,4.5,26.5
2021-08-14,9.1,25.9
2021-08-15,9.8,26.4
2021-08-16,3.3,26.8
2021-08-17,10.7,26.4
2021-08-18,43.5,25.5
2021-08-19,66.0,25.1
2021-08-20,20.2,25.4
2021-08-21,11.8,25.7
2021-08-22,22.8,25.7
2021-08-23,2.1,26.4
2021-08-24,1.2,26.6
2021-08-25,3.5,26.8
2021-08-26,4.2,26.9
2021-08-27,2.2,26.6
2021-08-28,0.9,26.5
2021-08-29,0.9,26.7
2021-08-30,9.2,26.6
2021-08-31,33.4,25.9
2021-09-01,81.5,25.9
2021-09-02,6.2,26.7
2021-09-03,7.2,26.3
2021-09-04,5.3,26.7
2021-09-05,4.0,26.7
2021-09-06,7.1,26.8
2021-09-07,27.2,26.8
2021-09-08,56.9,26.4
2021-09-09,9.6,26.9
2021-09-10,22.4,26.4
2021-09-11,21.0,26.4
2021-09-12,68.5,26.2
2021-09-13,76.1,26.4
2021-09-14,19.2,26.0
2021-09-15,7.1,26.2
2021-09-16,5.5,26.5
2021-09-17,14.4,26.3
2021-09-18,4.8,26.3
2021-09-19,4.8,26.3
2021-09-20,6.6,26.5
2021-09-21,17.5,26.3
2021-09-22,14.8,26.4
2021-09-23,6.8,26.5
2021-09-24,3.0,26.8
2021-09-25,1.3,26.8
2021-09-26,1.4,26.6
2021-09-27,12.2,26.3
2021-09-28,118.1,25.9
2021-09-29,113.9,25.8
2021-09-30,3.1,26.8
2021-10-01,1.4,26.9
2021-10-02,2.2,26.9
2021-10-03,4.4,27.6
2021-10-04,0.4,27.4
2021-10-05,0.0,27.9
2021-10-06,9.5,28.5
2021-10-07,2.6,29.0
2021-10-08,7.4,27.2
2021-10-09,4.9,26.7
2021-10-10,3.3,27.1
2021-10-11,3.5,27.3
2021-10-12,13.1,27.4
2021-10-13,1.8,28.2
2021-10-14,0.0,28.6
2021-10-15,0.0,27.6
2021-10-16,0.0,26.3
2021-10-17,0.0,27.2
2021-10-18,0.0,27.0
2021-10-19,0.0,26.2
2021-10-20,0.0,25.7
2021-10-21,0.0,26.2
2021-10-22,0.0,25.9
2021-10-23,0.0,25.3
2021-10-24,0.2,25.5
2021-10-25,0.0,25.8
2021-10-26,0.0,27.1
2021-10-27,0.0,27.4
2021-10-28,0.0,28.1
2021-10-29,0.0,27.2
2021-10-30,0.0,27.1
2021-10-31,0.0,27.6
2021-11-01,0.0,27.0
2021-11-02,0.0,27.8
2021-11-03,0.0,28.6
2021-11-04,0.0,28.2
2021-11-05,0.0,28.5
2021-11-06,0.0,28.7
2021-11-07,0.0,29.0
2021-11-08,0.0,28.7
2021-11-09,0.0,27.9
2021-11-10,0.0,27.3
2021-11-11,0.0,26.8
2021-11-12,0.0,26.7
2021-11-13,0.0,27.7
2021-11-14,0.0,27.9
2021-11-15,0.0,28.1
2021-11-16,0.0,29.3
2021-11-17,4.6,28.9
2021-11-18,5.0,27.2
2021-11-19,6.4,26.6
2021-11-20,0.0,28.1
2021-11-21,0.5,28.7
2021-11-22,1.7,26.5
2021-11-23,0.2,26.9
2021-11-24,0.0,27.9
2021-11-25,0.0,26.6
2021-11-26,0.0,25.4
2021-11-27,0.0,26.0
2021-11-28,0.0,25.9
2021-11-29,0.0,26.0
2021-11-30,0.1,27.2
2021-12-01,37.0,21.6
2021-12-02,35.6,20.5
2021-12-03,1.1,23.2
2021-12-04,0.6,23.5
2021-12-05,0.0,23.0
2021-12-06,0.1,23.7
2021-12-07,0.0,24.7
2021-12-08,0.0,24.4
2021-12-09,0.0,24.3
2021-12-10,0.0,25.2
2021-12-11,0.0,25.2
2021-12-12,0.0,24.5
2021-12-13,0.0,23.4
2021-12-14,0.0,22.9
2021-12-15,0.0,22.1
2021-12-16,0.0,22.2
2021-12-17,0.0,21.8
2021-12-18,0.0,22.8
2021-12-19,0.0,22.6
2021-12-20,0.0,21.8
2021-12-21,0.0,20.8
2021-12-22,0.0,20.5
2021-12-23,0.0,21.0
2021-12-24,0.0,19.9
2021-12-25,0.0,21.4
2021-12-26,0.0,21.9
2021-12-27,0.0,22.2
2021-12-28,0.0,21.7
2021-12-29,0.0,21.4
2021-12-30,0.0,22.6
2021-12-31,0.0,23.6
2022-01-01,0.0,23.5
2022-01-02,0.0,23.2
2022-01-03,0.0,23.3
2022-01-04,0.0,23.6
2022-01-05,0.0,22.9
2022-01-06,0.0,22.4
2022-01-07,0.0,22.2
2022-01-08,0.4,22.2
2022-01-09,0.0,19.2
2022-01-10,0.0,18.1
2022-01-11,0.0,20.0
2022-01-12,0.0,19.4
2022-01-13,0.0,20.0
2022-01-14,0.0,21.0
2022-01-15,0.0,21.7
2022-01-16,0.0,22.9
2022-01-17,0.0,22.8
2022-01-18,0.0,22.1
2022-01-19,0.0,21.7
2022-01-20,0.0,21.4
2022-01-21,0.0,22.2
2022-01-22,1.8,22.8
2022-01-23,0.0,19.3
2022-01-24,0.0,17.4
2022-01-25,0.0,18.0
2022-01-26,0.0,19.3
2022-01-27,0.0,20.8
2022-01-28,0.0,20.9
2022-01-29,0.0,20.8
2022-01-30,0.0,20.1
2022-01-31,0.0,20.4
2022-02-01,0.0,20.6
2022-02-02,0.0,20.9
2022-02-03,0.0,21.3
2022-02-04,0.0,21.0
2022-02-05,0.0,19.7
2022-02-06,0.0,20.7
2022-02-07,0.0,20.6
2022-02-08,0.0,20.6
2022-02-09,0.0,21.8
2022-02-10,0.0,23.7
2022-02-11,0.0,24.5
2022-02-12,0.0,23.2
2022-02-13,0.0,22.5
2022-02-14,0.0,21.5
2022-02-15,0.0,21.7
2022-02-16,0.0,21.7
2022-02-17,0.0,22.3
2022-02-18,0.0,22.6
2022-02-19,0.0,23.1
2022-02-20,0.0,23.8
2022-02-21,0.0,23.7
2022-02-22,0.0,22.4
2022-02-23,0.0,23.2
2022-02-24,0.0,25.2
2022-02-25,0.0,24.6
2022-02-26,0.0,23.5
2022-02-27,0.0,24.6
2022-02-28,0.0,24.9
2022-03-01,0.0,25.5
2022-03-02,0.0,26.3
2022-03-03,0.0,27.4
2022-03-04,0.0,26.7
2022-03-05,0.0,26.7
2022-03-06,0.0,27.1
2022-03-07,0.0,27.7
2022-03-08,0.0,27.6
2022-03-09,0.0,28.0
2022-03-10,0.0,27.7
2022-03-11,0.0,28.4
2022-03-12,0.0,29.3
2022-03-13,0.0,29.1
2022-03-14,0.0,29.5
2022-03-15,0.0,30.1
2022-03-16,0.0,30.1
2022-03-17,0.0,30.3
2022-03-18,0.0,30.6
2022-03-19,0.0,28.8
2022-03-20,0.0,27.0
2022-03-21,0.0,28.0
2022-03-22,0.0,29.9
2022-03-23,0.0,30.5
2022-03-24,0.0,30.3
2022-03-25,0.0,27.9
2022-03-26,0.0,26.9
2022-03-27,0.0,27.1
2022-03-28,0.0,28.2
2022-03-29,0.0,29.1
2022-03-30,0.0,28.6
2022-03-31,0.0,26.8
2022-04-01,0.0,26.2
2022-04-02,0.0,26.7
2022-04-03,0.0,26.8
2022-04-04,0.0,27.5
2022-04-05,0.0,28.1
2022-04-06,0.0,28.2
2022-04-07,0.0,28.4
2022-04-08,0.0,28.7
2022-04-09,0.0,28.7
2022-04-10,0.0,28.4
2022-04-11,0.0,28.1
2022-04-12,0.0,28.7
2022-04-13,0.0,29.5
2022-04-14,0.0,29.1
2022-04-15,0.0,28.0
2022-04-16,0.0,27.5
2022-04-17,0.0,27.5
2022-04-18,0.0,27.8
2022-04-19,0.0,28.6
2022-04-20,0.0,30.4
2022-04-21,0.0,32.7
2022-04-22,0.0,32.4
2022-04-23,0.0,32.7
2022-04-24,0.0,30.7
2022-04-25,0.0,31.6
2022-04-26,0.0,30.5
2022-04-27,0.0,31.5
2022-04-28,0.0,32.5
2022-04-29,0.0,30.9
2022-04-30,0.0,30.2
2022-05-01,0.0,29.8
2022-05-02,0.0,30.0
2022-05-03,0.0,29.8
2022-05-04,0.0,29.2
2022-05-05,0.0,29.3
2022-05-06,0.0,29.4
2022-05-07,0.0,30.2
2022-05-08,0.0,30.4
2022-05-09,0.0,30.5
2022-05-10,0.0,30.3
2022-05-11,0.0,30.3
2022-05-12,0.0,29.9
2022-05-13,0.0,30.0
2022-05-14,0.0,29.9
2022-05-15,0.0,30.0
2022-05-16,0.0,29.9
2022-05-17,0.0,29.9
2022-05-18,0.0,29.6
2022-05-19,0.0,29.6
2022-05-20,0.0,29.8
2022-05-21,0.0,30.2
2022-05-22,1.3,30.5
2022-05-23,0.6,30.5
2022-05-24,1.2,30.1
2022-05-25,1.1,29.6
2022-05-26,0.1,29.9
2022-05-27,0.1,30.3
2022-05-28,0.5,30.4
2022-05-29,0.8,30.2
2022-05-30,2.3,29.9
2022-05-31,0.4,29.8
2022-06-01,0.0,29.4
2022-06-02,0.0,29.4
2022-06-03,0.0,29.4
2022-06-04,0.0,29.7
2022-06-05,0.0,29.6
2022-06-06,0.0,29.5
2022-06-07,0.0,30.0
2022-06-08,0.6,30.3
2022-06-09,1.5,29.9
2022-06-10,2.2,29.9
2022-06-11,5.7,28.8
2022-06-12,21.0,28.2
2022-06-13,5.0,28.8
2022-06-14,1.0,29.3
2022-06-15,2.7,28.8
2022-06-16,2.6,28.7
2022-06-17,2.2,29.0
2022-06-18,1.7,29.3
2022-06-19,8.8,27.9
2022-06-20,31.9,26.4
2022-06-21,9.3,27.1
2022-06-22,2.0,28.0
2022-06-23,8.9,27.5
2022-06-24,14.9,27.0
2022-06-25,1.5,28.4
2022-06-26,3.4,29.0
2022-06-27,19.2,27.3
2022-06-28,4.9,27.4
2022-06-29,4.0,27.8
2022-06-30,10.5,27.2
2022-07-01,20.5,26.0
2022-07-02,47.5,25.9
2022-07-03,8.0,26.7
2022-07-04,26.9,26.0
2022-07-05,31.3,26.2
2022-07-06,18.3,26.1
2022-07-07,74.9,26.0
2022-07-08,43.4,26.0
2022-07-09,52.4,25.5
2022-07-10,73.8,25.5
2022-07-11,133.8,25.7
2022-07-12,177.0,25.7
2022-07-13,80.7,26.1
2022-07-14,86.4,25.8
2022-07-15,47.9,26.2
2022-07-16,21.2,26.7
2022-07-17,5.8,27.3
2022-07-18,26.9,25.5
2022-07-19,22.0,25.6
2022-07-20,8.1,26.4
2022-07-21,4.7,27.0
2022-07-22,5.1,27.0
2022-07-23,30.9,25.9
2022-07-24,27.7,25.8
2022-07-25,7.7,26.2
2022-07-26,6.0,26.7
2022-07-27,5.3,26.4
2022-07-28,1.0,26.9
2022-07-29,0.7,27.3
2022-07-30,0.5,27.4
2022-07-31,6.3,27.4
2022-08-01,2.6,27.4
2022-08-02,2.5,27.4
2022-08-03,1.7,27.7
2022-08-04,1.6,27.8
2022-08-05,13.5,26.9
2022-08-06,5.2,26.8
2022-08-07,6.3,27.1
2022-08-08,6.2,27.0
2022-08-09,6.4,26.8
2022-08-10,11.6,26.9
2022-08-11,15.2,26.7
2022-08-12,20.3,26.3
2022-08-13,20.4,26.6
2022-08-14,14.2,26.2
2022-08-15,38.5,25.4
2022-08-16,61.7,25.5
2022-08-17,23.8,26.0
2022-08-18,12.1,26.3
2022-08-19,9.5,26.2
2022-08-20,5.7,26.6
2022-08-21,6.8,26.6
2022-08-22,13.8,25.8
2022-08-23,7.0,26.1
2022-08-24,6.3,26.2
2022-08-25,4.2,26.1
2022-08-26,1.3,26.2
2022-08-27,1.6,26.2
2022-08-28,1.5,26.2
2022-08-29,0.3,26.4
2022-08-30,0.6,27.2
2022-08-31,10.3,27.8
2022-09-01,27.6,26.8
2022-09-02,6.4,27.6
2022-09-03,1.7,27.9
2022-09-04,5.1,27.6
2022-09-05,3.3,27.2
2022-09-06,3.0,27.1
2022-09-07,18.3,27.7
2022-09-08,12.4,27.7
2022-09-09,18.2,27.7
2022-09-10,24.6,27.3
2022-09-11,13.0,26.9
2022-09-12,32.5,25.8
2022-09-13,23.5,26.3
2022-09-14,22.4,26.0
2022-09-15,108.9,25.9
2022-09-16,45.5,25.4
2022-09-17,11.2,25.1
2022-09-18,15.0,25.1
2022-09-19,4.7,25.6
2022-09-20,1.1,25.9
2022-09-21,0.7,26.4
2022-09-22,2.0,26.2
2022-09-23,0.5,26.6
2022-09-24,3.4,26.0
2022-09-25,2.1,25.8
2022-09-26,0.9,25.6
2022-09-27,1.8,26.2
2022-09-28,5.1,25.9
2022-09-29,13.2,25.9
2022-09-30,0.7,26.5
2022-10-01,2.0,26.7
2022-10-02,0.4,26.6
2022-10-03,0.3,26.7
2022-10-04,0.4,27.8
2022-10-05,0.3,28.5
2022-10-06,15.2,27.9
2022-10-07,21.9,25.4
2022-10-08,17.8,25.0
2022-10-09,1.0,26.4
2022-10-10,2.4,26.9
2022-10-11,6.3,26.8
2022-10-12,7.8,26.3
2022-10-13,0.0,27.9
2022-10-14,0.0,27.4
2022-10-15,0.0,26.5
2022-10-16,0.0,27.0
2022-10-17,5.4,27.6
2022-10-18,4.0,26.8
2022-10-19,4.2,26.6
2022-10-20,1.1,27.1
2022-10-21,0.8,27.6
2022-10-22,0.0,28.0
2022-10-23,0.0,26.3
2022-10-24,0.0,25.5
2022-10-25,0.0,25.7
2022-10-26,0.0,25.4
2022-10-27,0.0,26.2
2022-10-28,0.0,26.6
2022-10-29,0.0,26.5
2022-10-30,0.0,26.2
2022-10-31,0.0,26.2
2022-11-01,0.0,25.9
2022-11-02,0.0,26.9
2022-11-03,0.0,26.5
2022-11-04,0.0,27.2
2022-11-05,0.0,27.1
2022-11-06,0.0,26.9
2022-11-07,0.0,25.8
2022-11-08,0.0,26.0
2022-11-09,0.0,26.8
2022-11-10,0.0,26.6
2022-11-11,0.0,27.3
2022-11-12,0.0,27.4
2022-11-13,0.0,27.4
2022-11-14,0.0,26.6
2022-11-15,0.0,26.1
2022-11-16,0.0,26.1
2022-11-17,0.0,26.0
2022-11-18,0.0,25.3
2022-11-19,0.0,25.0
2022-11-20,0.0,23.8
2022-11-21,0.0,23.8
2022-11-22,0.0,24.4
2022-11-23,0.0,24.8
2022-11-24,0.0,24.8
2022-11-25,0.0,25.9
2022-11-26,0.0,26.0
2022-11-27,0.0,24.5
2022-11-28,0.0,24.2
2022-11-29,0.0,24.4
2022-11-30,0.0,26.0
2022-12-01,0.0,25.6
2022-12-02,0.0,24.5
2022-12-03,0.0,25.0
2022-12-04,0.0,26.2
2022-12-05,0.0,26.4
2022-12-06,0.0,26.2
2022-12-07,0.0,26.3
2022-12-08,0.0,26.0
2022-12-09,0.0,24.0
2022-12-10,0.0,24.0
2022-12-11,0.0,24.5
2022-12-12,0.0,27.0
2022-12-13,1.0,28.1
2022-12-14,2.2,27.6
2022-12-15,0.1,27.3
2022-12-16,0.1,27.1
2022-12-17,0.0,27.6
2022-12-18,0.0,27.5
2022-12-19,0.0,26.4
2022-12-20,0.0,25.4
2022-12-21,0.0,25.0
2022-12-22,0.0,24.4
2022-12-23,0.0,23.0
2022-12-24,0.0,21.0
2022-12-25,0.0,20.2
2022-12-26,0.0,21.0
2022-12-27,0.0,21.9
2022-12-28,0.0,22.1
2022-12-29,0.0,21.6
2022-12-30,0.0,23.3
2022-12-31,0.0,22.0
2023-01-01,0.0,21.3
2023-01-02,0.0,22.4
2023-01-03,0.0,22.5
2023-01-04,0.0,22.5
2023-01-05,0.0,23.5
2023-01-06,0.0,25.1
2023-01-07,0.0,25.4
2023-01-08,0.0,25.0
2023-01-09,0.0,23.4
2023-01-10,0.0,22.6
2023-01-11,0.0,21.6
2023-01-12,0.0,21.6
2023-01-13,0.0,21.1
2023-01-14,0.0,19.2
2023-01-15,0.0,20.3
2023-01-16,0.0,20.1
2023-01-17,0.0,20.8
2023-01-18,0.0,21.8
2023-01-19,0.0,20.6
2023-01-20,0.0,20.2
2023-01-21,0.0,20.7
2023-01-22,0.0,20.3
2023-01-23,0.0,19.4
2023-01-24,0.0,19.5
2023-01-25,0.0,19.9
2023-01-26,0.0,21.5
2023-01-27,0.0,24.7
2023-01-28,0.0,24.4
2023-01-29,0.7,22.7
2023-01-30,0.0,23.0
2023-01-31,0.0,24.9
2023-02-01,0.0,26.1
2023-02-02,0.0,26.2
2023-02-03,0.0,25.2
2023-02-04,0.0,24.4
2023-02-05,0.0,24.0
2023-02-06,0.0,23.9
2023-02-07,0.0,23.8
2023-02-08,0.0,24.4
2023-02-09,0.0,23.9
2023-02-10,0.0,23.6
2023-02-11,0.0,23.4
2023-02-12,0.0,25.8
2023-02-13,0.0,26.5
2023-02-14,0.0,24.9
2023-02-15,0.0,26.5
2023-02-16,0.0,26.5
2023-02-17,0.0,26.7
2023-02-18,0.0,26.5
2023-02-19,0.0,26.9
2023-02-20,0.0,25.4
2023-02-21,0.0,24.2
2023-02-22,0.0,23.9
2023-02-23,0.0,24.4
2023-02-24,0.0,25.8
2023-02-25,0.0,25.5
2023-02-26,0.0,25.9
2023-02-27,0.0,25.8
2023-02-28,0.0,25.3
2023-03-01,0.0,25.8
2023-03-02,0.0,27.4
2023-03-03,0.0,28.5
2023-03-04,0.0,29.2
2023-03-05,0.5,30.3
2023-03-06,0.5,29.1
2023-03-07,0.0,27.1
2023-03-08,0.0,27.3
2023-03-09,0.0,28.4
2023-03-10,0.0,27.9
2023-03-11,0.0,29.1
2023-03-12,0.0,29.6
2023-03-13,0.0,32.1
2023-03-14,0.0,29.7
2023-03-15,0.0,28.8
2023-03-16,0.2,27.9
2023-03-17,3.8,25.7
2023-03-18,0.0,26.0
2023-03-19,0.0,25.4
2023-03-20,0.0,25.4
2023-03-21,0.0,25.1
2023-03-22,0.0,25.8
2023-03-23,0.4,25.8
2023-03-24,0.1,25.7
2023-03-25,0.0,25.2
2023-03-26,0.0,25.6
2023-03-27,0.0,26.0
2023-03-28,0.0,25.7
2023-03-29,0.0,25.7
2023-03-30,0.0,25.8
2023-03-31,0.1,26.7
2023-04-01,0.0,26.3
2023-04-02,0.0,26.2
2023-04-03,0.0,26.2
2023-04-04,0.0,26.8
2023-04-05,0.0,27.0
2023-04-06,0.0,28.7
2023-04-07,0.0,30.1
2023-04-08,0.0,30.1
2023-04-09,0.0,29.4
2023-04-10,0.0,29.8
2023-04-11,0.0,30.3
2023-04-12,0.0,30.7
2023-04-13,0.0,30.8
2023-04-14,0.0,30.9
2023-04-15,0.0,28.6
2023-04-16,0.0,28.2
2023-04-17,0.0,29.2
2023-04-18,0.1,31.7
2023-04-19,0.0,32.1
2023-04-20,0.0,30.4
2023-04-21,0.0,28.6
2023-04-22,0.0,28.2
2023-04-23,0.0,28.2
2023-04-24,0.0,28.4
2023-04-25,0.0,29.4
2023-04-26,0.0,28.5
2023-04-27,0.0,28.1
2023-04-28,0.0,28.2
2023-04-29,1.2,27.6
2023-04-30,2.5,27.2
2023-05-01,0.0,28.1
2023-05-02,0.2,27.8
2023-05-03,0.0,28.4
2023-05-04,0.5,28.2
2023-05-05,0.5,29.0
2023-05-06,0.0,29.1
2023-05-07,0.0,29.2
2023-05-08,0.0,29.5
2023-05-09,0.0,29.6
2023-05-10,0.0,30.9
2023-05-11,0.0,31.5
2023-05-12,0.0,31.2
2023-05-13,0.0,30.6
2023-05-14,0.0,30.1
2023-05-15,0.0,30.5
2023-05-16,0.3,30.5
2023-05-17,0.1,30.3
2023-05-18,0.0,30.0
2023-05-19,0.0,29.7
2023-05-20,0.2,29.8
2023-05-21,0.0,29.6
2023-05-22,0.0,29.8
2023-05-23,0.0,29.8
2023-05-24,0.0,30.2
2023-05-25,0.0,30.4
2023-05-26,0.0,30.6
2023-05-27,0.1,30.8
2023-05-28,0.1,30.9
2023-05-29,0.0,30.4
2023-05-30,0.0,31.3
2023-05-31,0.0,31.3
2023-06-01,0.0,31.0
2023-06-02,0.2,30.6
2023-06-03,2.6,30.9
2023-06-04,0.7,30.9
2023-06-05,1.1,30.4
2023-06-06,0.3,30.7
2023-06-07,0.3,30.6
2023-06-08,0.1,30.8
2023-06-09,0.1,31.0
2023-06-10,0.5,31.7
2023-06-11,1.2,32.5
2023-06-12,0.0,32.2
2023-06-13,0.9,30.7
2023-06-14,2.1,29.7
2023-06-15,3.6,30.3
2023-06-16,5.4,28.9
2023-06-17,7.1,29.0
2023-06-18,4.0,29.3
2023-06-19,3.2,29.3
2023-06-20,1.5,29.5
2023-06-21,1.1,29.7
2023-06-22,1.3,29.8
2023-06-23,1.4,29.6
2023-06-24,5.7,27.8
2023-06-25,6.9,26.9
2023-06-26,24.1,26.1
2023-06-27,39.9,25.9
2023-06-28,25.5,26.4
2023-06-29,56.4,25.9
2023-06-30,85.8,26.0
2023-07-01,74.5,25.8
2023-07-02,6.6,26.8
2023-07-03,1.3,27.9
2023-07-04,5.3,27.6
2023-07-05,14.0,27.0
2023-07-06,13.9,26.5
2023-07-07,5.4,27.2
2023-07-08,42.0,27.0
2023-07-09,29.3,27.0
2023-07-10,22.7,26.8
2023-07-11,29.4,26.4
2023-07-12,17.5,26.7
2023-07-13,7.6,27.2
2023-07-14,15.4,26.8
2023-07-15,13.3,26.8
2023-07-16,8.8,26.3
2023-07-17,17.1,26.5
2023-07-18,23.6,26.8
2023-07-19,35.0,26.6
2023-07-20,19.5,26.7
2023-07-21,8.4,27.4
2023-07-22,20.2,26.9
2023-07-23,27.3,26.9
2023-07-24,37.0,26.7
2023-07-25,27.6,26.7
2023-07-26,19.0,26.7
2023-07-27,28.8,26.4
2023-07-28,37.0,26.8
2023-07-29,10.6,26.8
2023-07-30,8.5,27.0
2023-07-31,7.7,27.2
2023-08-01,6.4,27.4
2023-08-02,8.2,27.5
2023-08-03,3.9,27.2
2023-08-04,5.6,26.9
2023-08-05,4.2,27.3
2023-08-06,4.0,27.2
2023-08-07,4.3,27.4
2023-08-08,5.1,27.3
2023-08-09,4.6,27.2
2023-08-10,7.7,26.6
2023-08-11,7.6,27.1
2023-08-12,7.5,26.4
2023-08-13,3.6,27.3
2023-08-14,5.3,27.4
2023-08-15,5.8,27.0
2023-08-16,3.7,27.1
2023-08-17,2.0,27.2
2023-08-18,2.6,27.2
2023-08-19,1.9,27.4
2023-08-20,2.4,27.5
2023-08-21,3.2,27.3
2023-08-22,6.2,26.8
2023-08-23,4.8,27.0
2023-08-24,4.6,27.1
2023-08-25,4.5,27.2
2023-08-26,7.9,26.6
2023-08-27,3.9,26.3
2023-08-28,3.0,26.8
2023-08-29,2.4,26.9
2023-08-30,0.4,26.9
2023-08-31,0.6,27.1
2023-09-01,0.2,27.6
2023-09-02,0.0,27.6
2023-09-03,0.4,27.8
2023-09-04,0.2,27.8
2023-09-05,0.5,27.9
2023-09-06,0.5,28.3
2023-09-07,67.1,27.1
2023-09-08,34.4,27.1
2023-09-09,4.9,27.9
2023-09-10,1.4,28.1
2023-09-11,3.0,27.8
2023-09-12,4.5,27.6
2023-09-13,2.8,27.4
2023-09-14,2.6,27.2
2023-09-15,1.2,27.5
2023-09-16,6.5,27.6
2023-09-17,16.3,26.5
2023-09-18,13.5,26.1
2023-09-19,9.2,26.6
2023-09-20,10.0,26.8
2023-09-21,11.4,26.8
2023-09-22,5.0,27.0
2023-09-23,16.1,26.7
2023-09-24,16.4,26.4
2023-09-25,5.0,26.6
2023-09-26,0.8,27.3
2023-09-27,3.9,26.9
2023-09-28,8.4,27.9
2023-09-29,4.2,28.8
2023-09-30,0.0,29.9
2023-10-01,0.0,28.7
2023-10-02,0.1,28.0
2023-10-03,0.0,27.6
2023-10-04,0.0,27.6
2023-10-05,0.0,27.6
2023-10-06,0.0,27.1
2023-10-07,0.0,27.1
2023-10-08,0.0,27.5
2023-10-09,0.0,27.8
2023-10-10,0.0,27.2
2023-10-11,0.0,27.3
2023-10-12,0.0,28.4
2023-10-13,0.5,29.6
2023-10-14,0.5,29.0
2023-10-15,0.1,28.8
2023-10-16,1.0,28.6
2023-10-17,0.0,28.9
2023-10-18,0.0,29.3
2023-10-19,0.0,28.6
2023-10-20,0.0,28.8
2023-10-21,0.0,28.8
2023-10-22,0.1,29.0
2023-10-23,0.0,28.5
2023-10-24,0.0,28.7
2023-10-25,0.0,28.2
2023-10-26,0.0,27.9
2023-10-27,0.0,27.8
2023-10-28,0.0,27.7
2023-10-29,0.0,28.1
2023-10-30,0.0,27.6
2023-10-31,0.0,27.7
2023-11-01,0.0,28.0
2023-11-02,0.0,28.0
2023-11-03,0.0,28.0
2023-11-04,0.0,28.4
2023-11-05,0.0,28.6
2023-11-06,0.0,28.3
2023-11-07,0.0,28.0
2023-11-08,0.0,27.6
2023-11-09,0.0,28.1
2023-11-10,0.0,29.0
2023-11-11,0.0,29.8
2023-11-12,0.0,29.2
2023-11-13,0.0,27.7
2023-11-14,0.0,27.2
2023-11-15,0.0,26.9
2023-11-16,0.0,27.0
2023-11-17,0.0,26.9
2023-11-18,0.0,26.5
2023-11-19,0.0,26.6
2023-11-20,0.0,27.9
2023-11-21,0.0,28.1
2023-11-22,0.0,27.1
2023-11-23,0.0,27.0
2023-11-24,0.0,28.3
2023-11-25,0.0,28.6
2023-11-26,35.6,26.2
2023-11-27,6.1,24.0
2023-11-28,0.0,23.5
2023-11-29,0.3,23.2
2023-11-30,0.2,23.7
2023-12-01,0.1,24.1
2023-12-02,0.7,24.9
2023-12-03,0.2,26.1
2023-12-04,0.0,25.8
2023-12-05,0.1,25.5
2023-12-06,0.0,25.1
2023-12-07,0.0,24.8
2023-12-08,0.0,24.5
2023-12-09,0.0,24.8
2023-12-10,0.0,24.7
2023-12-11,0.0,23.9
2023-12-12,0.0,22.8
2023-12-13,0.0,24.1
2023-12-14,0.0,25.3
2023-12-15,0.0,26.0
2023-12-16,0.0,24.3
2023-12-17,0.0,24.4
2023-12-18,0.0,24.7
2023-12-19,0.0,24.6
2023-12-20,0.0,24.1
2023-12-21,0.0,24.5
2023-12-22,0.0,24.2
2023-12-23,0.0,24.4
2023-12-24,0.0,25.2
2023-12-25,0.0,24.0
2023-12-26,0.0,23.7
2023-12-27,0.0,24.1
2023-12-28,0.0,23.4
2023-12-29,0.0,23.7
2023-12-30,0.0,23.4
2023-12-31,0.0,24.0
2024-01-01,0.0,24.0
2024-01-02,0.0,23.0
2024-01-03,0.0,22.3
2024-01-04,0.0,22.5
2024-01-05,0.0,22.4
2024-01-06,0.0,23.3
2024-01-07,0.0,24.6
2024-01-08,0.0,25.4
2024-01-09,0.3,25.5
2024-01-10,0.0,25.1
2024-01-11,0.0,25.5
2024-01-12,0.0,26.0
2024-01-13,0.0,25.4
2024-01-14,0.0,23.5
2024-01-15,0.0,20.9
2024-01-16,0.0,20.3
2024-01-17,0.0,20.9
2024-01-18,0.0,20.9
2024-01-19,0.0,22.2
2024-01-20,0.0,22.4
2024-01-21,0.0,23.0
2024-01-22,0.0,22.7
2024-01-23,0.0,22.2
2024-01-24,0.0,22.1
2024-01-25,0.0,22.0
2024-01-26,0.0,22.2
2024-01-27,0.0,22.3
2024-01-28,0.0,22.3
2024-01-29,0.0,22.5
2024-01-30,0.0,22.0
2024-01-31,0.0,22.5
2024-02-01,0.0,22.8
2024-02-02,0.0,22.9
2024-02-03,0.0,25.4
2024-02-04,0.0,25.6
2024-02-05,0.0,25.0
2024-02-06,0.0,24.7
2024-02-07,0.0,25.0
2024-02-08,0.0,25.1
2024-02-09,0.0,24.1
2024-02-10,0.0,23.2
2024-02-11,0.0,22.6
2024-02-12,0.0,22.8
2024-02-13,0.0,23.3
2024-02-14,0.0,24.3
2024-02-15,0.0,24.9
2024-02-16,0.0,27.1
2024-02-17,0.0,26.7
2024-02-18,0.0,26.5
2024-02-19,0.0,24.8
2024-02-20,0.0,25.1
2024-02-21,0.0,24.5
2024-02-22,0.0,24.3
2024-02-23,0.0,23.5
2024-02-24,0.0,24.0
2024-02-25,0.0,25.2
2024-02-26,0.0,25.9
2024-02-27,0.0,26.7
2024-02-28,0.0,27.2
2024-02-29,0.0,27.2
2024-03-01,0.0,26.4
2024-03-02,0.6,25.2
2024-03-03,0.0,23.1
2024-03-04,0.0,22.1
2024-03-05,0.0,23.5
2024-03-06,0.0,23.5
2024-03-07,0.0,24.9
2024-03-08,0.0,26.2
2024-03-09,0.0,26.5
2024-03-10,0.0,25.6
2024-03-11,0.0,26.3
2024-03-12,0.0,26.7
2024-03-13,0.0,26.1
2024-03-14,0.0,25.1
2024-03-15,0.0,24.6
2024-03-16,0.0,24.3
2024-03-17,0.0,24.6
2024-03-18,0.0,25.6
2024-03-19,0.0,26.9
2024-03-20,0.0,29.0
2024-03-21,0.0,29.0
2024-03-22,0.0,27.1
2024-03-23,0.0,26.7
2024-03-24,0.0,27.3
2024-03-25,0.0,27.7
2024-03-26,0.0,28.1
2024-03-27,0.0,28.2
2024-03-28,0.0,28.6
2024-03-29,0.0,29.4
2024-03-30,0.0,29.0
2024-03-31,0.0,28.6
2024-04-01,0.0,28.0
2024-04-02,0.0,27.9
2024-04-03,0.0,28.2
2024-04-04,0.0,29.0
2024-04-05,0.0,30.3
2024-04-06,0.0,31.0
2024-04-07,0.0,29.4
2024-04-08,0.0,28.7
2024-04-09,0.0,28.2
2024-04-10,0.0,27.9
2024-04-11,0.0,27.9
2024-04-12,0.0,27.2
2024-04-13,0.0,26.8
2024-04-14,0.0,28.3
2024-04-15,0.0,32.4
2024-04-16,0.0,34.4
2024-04-17,0.0,33.7
2024-04-18,0.0,31.4
2024-04-19,0.0,32.0
2024-04-20,0.0,31.5
2024-04-21,0.0,30.5
2024-04-22,0.0,30.7
2024-04-23,0.0,29.9
2024-04-24,0.0,29.9
2024-04-25,0.0,30.1
2024-04-26,0.0,31.0
2024-04-27,0.0,32.0
2024-04-28,0.0,33.3
2024-04-29,0.0,32.7
2024-04-30,0.0,32.2
2024-05-01,0.0,30.9
2024-05-02,0.0,29.7
2024-05-03,0.0,29.5
2024-05-04,0.0,30.4
2024-05-05,0.0,31.3
2024-05-06,0.0,30.5
2024-05-07,0.0,29.7
2024-05-08,0.0,29.7
2024-05-09,0.0,29.9
2024-05-10,0.0,29.9
2024-05-11,0.0,30.2
2024-05-12,0.0,30.5
2024-05-13,1.7,31.3
2024-05-14,0.0,31.9
2024-05-15,0.0,32.2
2024-05-16,0.1,33.2
2024-05-17,0.0,32.1
2024-05-18,0.0,32.1
2024-05-19,0.0,32.4
2024-05-20,0.0,32.2
2024-05-21,0.0,32.7
2024-05-22,0.0,32.8
2024-05-23,0.0,32.2
2024-05-24,0.0,31.6
2024-05-25,0.0,31.0
2024-05-26,0.0,31.0
2024-05-27,0.9,31.0
2024-05-28,0.7,31.0
2024-05-29,0.0,31.2
2024-05-30,0.0,31.4
2024-05-31,0.2,30.9
2024-06-01,0.0,30.8
2024-06-02,0.0,31.0
2024-06-03,0.0,31.3
2024-06-04,1.3,31.3
2024-06-05,0.7,31.1
2024-06-06,2.1,30.8
2024-06-07,0.4,31.1
2024-06-08,15.4,28.4
2024-06-09,1.7,30.5
2024-06-10,1.4,29.3
2024-06-11,0.1,30.7
2024-06-12,1.9,30.2
2024-06-13,4.5,29.3
2024-06-14,1.7,29.2
2024-06-15,0.4,29.6
2024-06-16,1.0,29.8
2024-06-17,1.0,30.3
2024-06-18,5.8,28.8
2024-06-19,6.7,28.4
2024-06-20,9.1,28.1
2024-06-21,7.5,29.0
2024-06-22,1.5,28.7
2024-06-23,4.9,28.5
2024-06-24,7.6,28.0
2024-06-25,9.9,29.0
2024-06-26,2.0,29.3
2024-06-27,6.5,28.5
2024-06-28,25.0,27.0
2024-06-29,13.1,27.7
2024-06-30,21.0,27.4
2024-07-01,32.3,27.4
2024-07-02,54.0,28.3
2024-07-03,15.3,28.4
2024-07-04,14.5,27.8
2024-07-05,11.8,27.2
2024-07-06,31.5,27.2
2024-07-07,8.6,28.2
2024-07-08,4.8,27.6
2024-07-09,6.7,27.1
2024-07-10,6.2,27.5
2024-07-11,49.3,26.2
2024-07-12,70.1,26.5
2024-07-13,67.0,26.6
2024-07-14,12.7,26.8
2024-07-15,7.9,27.2
2024-07-16,7.3,27.2
2024-07-17,8.6,27.2
2024-07-18,23.3,27.1
2024-07-19,31.7,26.7
2024-07-20,20.8,27.0
2024-07-21,34.4,27.1
2024-07-22,57.6,26.6
2024-07-23,53.2,26.5
2024-07-24,73.7,26.4
2024-07-25,30.9,26.5
2024-07-26,18.2,27.4
2024-07-27,11.5,26.9
2024-07-28,16.0,27.2
2024-07-29,15.4,26.8
2024-07-30,7.1,27.2
2024-07-31,12.5,27.3
2024-08-01,16.9,27.0
2024-08-02,24.4,26.7
2024-08-03,38.3,26.5
2024-08-04,22.7,26.4
2024-08-05,17.7,27.0
2024-08-06,6.3,27.2
2024-08-07,7.2,27.1
2024-08-08,4.9,26.6
2024-08-09,10.3,26.3
2024-08-10,6.9,26.9
2024-08-11,8.6,26.9
2024-08-12,21.1,26.7
2024-08-13,2.7,27.1
2024-08-14,0.9,27.1
2024-08-15,3.3,27.1
2024-08-16,1.7,27.4
2024-08-17,1.2,27.5
2024-08-18,1.5,27.8
2024-08-19,2.1,28.3
2024-08-20,6.6,28.1
2024-08-21,6.8,27.7
2024-08-22,3.0,27.8
2024-08-23,17.7,27.0
2024-08-24,55.3,26.0
2024-08-25,90.9,25.9
2024-08-26,43.3,26.1
2024-08-27,6.0,26.9
2024-08-28,49.6,26.3
2024-08-29,15.9,26.3
2024-08-30,2.2,26.7
2024-08-31,1.2,27.0
2024-09-01,1.7,27.2
2024-09-02,23.0,26.8
2024-09-03,6.5,26.6
2024-09-04,8.0,26.9
2024-09-05,18.2,26.6
2024-09-06,14.5,26.9
2024-09-07,8.6,27.0
2024-09-08,4.1,26.9
2024-09-09,9.1,27.2
2024-09-10,2.5,27.3
2024-09-11,4.2,26.9
2024-09-12,3.7,27.0
2024-09-13,2.7,26.6
2024-09-14,6.6,25.5
2024-09-15,4.1,25.9
2024-09-16,3.0,26.3
2024-09-17,1.5,26.4
2024-09-18,0.5,26.7
2024-09-19,1.6,27.4
2024-09-20,0.5,27.4
2024-09-21,0.9,27.6
2024-09-22,4.8,27.6
2024-09-23,10.1,27.7
2024-09-24,32.3,26.7
2024-09-25,19.9,26.3
2024-09-26,34.9,25.9
2024-09-27,29.5,26.1
2024-09-28,17.5,26.5
2024-09-29,33.7,25.9
2024-09-30,2.4,27.1
2024-10-01,2.1,28.3
2024-10-02,1.4,28.6
2024-10-03,0.4,27.8
2024-10-04,1.1,27.1
2024-10-05,0.9,26.9
2024-10-06,10.1,27.1
2024-10-07,0.9,29.0
2024-10-08,0.3,29.2
2024-10-09,5.9,27.6
2024-10-10,22.5,27.0
2024-10-11,2.5,27.4
2024-10-12,10.2,27.4
2024-10-13,18.5,27.3
2024-10-14,10.3,27.4
2024-10-15,8.4,27.3
2024-10-16,9.9,27.7
2024-10-17,6.5,28.4
2024-10-18,4.8,28.8
2024-10-19,37.0,27.0
2024-10-20,14.8,26.7
2024-10-21,20.7,26.4
2024-10-22,1.8,26.8
2024-10-23,0.2,27.7
2024-10-24,0.0,27.9
2024-10-25,0.0,27.1
2024-10-26,0.0,26.6
2024-10-27,0.0,26.5
2024-10-28,0.0,27.0
2024-10-29,0.0,27.8
2024-10-30,0.0,28.7
2024-10-31,0.0,29.0
2024-11-01,0.0,28.7
2024-11-02,0.0,27.6
2024-11-03,0.0,28.5
2024-11-04,0.0,28.6
2024-11-05,0.0,28.9
2024-11-06,0.0,28.0
2024-11-07,0.0,27.5
2024-11-08,0.0,27.6
2024-11-09,0.0,27.7
2024-11-10,0.0,28.1
2024-11-11,0.0,27.8
2024-11-12,0.0,27.2
2024-11-13,0.0,25.2
2024-11-14,0.0,25.6
2024-11-15,0.0,25.9
2024-11-16,0.0,26.4
2024-11-17,0.0,26.6
2024-11-18,0.0,25.5
2024-11-19,0.0,24.5
2024-11-20,0.0,24.2
2024-11-21,0.0,24.1
2024-11-22,0.0,24.0
2024-11-23,0.0,23.7
2024-11-24,0.0,24.1
2024-11-25,0.0,24.5
2024-11-26,0.0,24.3
2024-11-27,0.0,24.0
2024-11-28,0.0,23.9
2024-11-29,0.0,22.9
2024-11-30,0.0,22.7
2024-12-01,0.0,23.5
2024-12-02,0.0,25.8
2024-12-03,0.0,27.2
2024-12-04,0.0,28.1
2024-12-05,0.0,27.2
2024-12-06,0.0,26.4
2024-12-07,0.0,23.8
2024-12-08,0.0,21.9
2024-12-09,0.0,20.6
2024-12-10,0.0,21.1
2024-12-11,0.0,22.5
2024-12-12,0.0,22.4
2024-12-13,0.0,22.5
2024-12-14,0.0,22.4
2024-12-15,0.0,22.3
2024-12-16,0.0,22.0
2024-12-17,0.0,21.4
2024-12-18,0.0,21.6
2024-12-19,0.0,20.9
2024-12-20,0.0,21.1
2024-12-21,0.0,21.5
2024-12-22,0.0,21.9
2024-12-23,0.5,21.8
2024-12-24,0.0,21.7
2024-12-25,0.0,21.8
2024-12-26,0.0,23.7
2024-12-27,0.0,23.4
2024-12-28,0.0,23.2
2024-12-29,0.0,23.7
2024-12-30,0.0,24.1
2024-12-31,0.0,24.5
2025-01-01,0.0,24.2
2025-01-02,0.0,24.7
2025-01-03,0.0,23.4
2025-01-04,0.0,22.4
2025-01-05,0.0,22.1
2025-01-06,0.0,21.4
2025-01-07,0.0,21.9
2025-01-08,0.0,22.1
2025-01-09,0.0,22.8
2025-01-10,0.0,23.0
2025-01-11,0.0,21.9
2025-01-12,0.0,22.7
2025-01-13,0.0,23.8
2025-01-14,0.0,23.8
2025-01-15,0.0,23.2
2025-01-16,0.0,23.4
2025-01-17,0.0,25.5
2025-01-18,0.0,25.3
2025-01-19,0.0,24.4
2025-01-20,0.0,24.9
2025-01-21,0.0,23.9
2025-01-22,0.0,23.9
2025-01-23,0.0,22.9
2025-01-24,0.0,24.4
2025-01-25,0.0,24.9
2025-01-26,0.0,24.6
2025-01-27,0.0,24.0
2025-01-28,0.0,22.9
2025-01-29,0.0,22.3
2025-01-30,0.0,23.2
2025-01-31,0.0,21.9
2025-02-01,0.0,21.7
2025-02-02,0.0,23.3
2025-02-03,0.0,22.8
2025-02-04,0.0,23.3
2025-02-05,0.0,23.2
2025-02-06,0.0,25.1
2025-02-07,0.0,26.3
2025-02-08,0.0,25.4
2025-02-09,0.0,25.8
2025-02-10,0.0,25.3
2025-02-11,0.0,23.5
2025-02-12,0.0,23.9
2025-02-13,0.0,25.6
2025-02-14,0.0,26.1
2025-02-15,0.0,25.3
2025-02-16,0.0,24.7
2025-02-17,0.0,25.7
2025-02-18,0.0,26.7
2025-02-19,0.0,25.9
2025-02-20,0.0,26.6
2025-02-21,0.0,27.2
2025-02-22,0.0,28.2
2025-02-23,0.0,28.2
2025-02-24,0.0,28.5
2025-02-25,0.0,28.2
2025-02-26,0.0,28.4
2025-02-27,0.0,27.6
2025-02-28,0.0,27.5
2025-03-01,0.0,27.4
2025-03-02,0.0,27.1
2025-03-03,0.0,27.7
2025-03-04,0.0,28.0
2025-03-05,0.0,28.0
2025-03-06,0.0,26.7
2025-03-07,0.0,27.7
2025-03-08,0.0,27.6
2025-03-09,0.0,27.7
2025-03-10,0.0,31.2
2025-03-11,0.0,30.1
2025-03-12,0.0,29.1
2025-03-13,0.0,29.4
2025-03-14,0.0,28.6
2025-03-15,0.0,28.1
2025-03-16,0.0,28.3
2025-03-17,0.0,27.9
2025-03-18,0.0,27.2
2025-03-19,0.0,27.0
2025-03-20,0.0,27.8
2025-03-21,0.0,27.4
2025-03-22,0.0,27.3
2025-03-23,0.0,28.9
2025-03-24,0.0,28.3
2025-03-25,0.0,28.2
2025-03-26,0.0,27.6
2025-03-27,0.0,26.9
2025-03-28,0.0,28.7
2025-03-29,0.0,30.0
2025-03-30,0.0,31.2
2025-03-31,0.0,32.1
2025-04-01,0.0,31.0
2025-04-02,0.0,30.6
2025-04-03,0.0,29.0
2025-04-04,0.0,28.4
2025-04-05,0.0,30.0
2025-04-06,0.0,31.0
2025-04-07,0.0,31.3
2025-04-08,0.0,31.9
2025-04-09,0.0,30.9
2025-04-10,0.0,30.0
2025-04-11,0.0,28.8
2025-04-12,0.0,28.6
2025-04-13,0.0,28.8
2025-04-14,0.0,29.6
2025-04-15,0.0,29.4
2025-04-16,0.0,29.6
2025-04-17,0.0,29.3
2025-04-18,0.0,29.1
2025-04-19,0.0,28.9
2025-04-20,0.0,29.1
2025-04-21,0.0,29.4
2025-04-22,0.0,31.0
2025-04-23,0.0,30.8
2025-04-24,0.0,29.9
2025-04-25,0.0,29.0
2025-04-26,0.0,29.0
2025-04-27,0.0,28.9
2025-04-28,0.0,28.9
2025-04-29,0.0,29.3
2025-04-30,0.0,29.5
2025-05-01,0.0,30.2
2025-05-02,0.0,30.5
2025-05-03,0.0,29.6
2025-05-04,0.0,29.9
2025-05-05,0.0,30.1
2025-05-06,8.9,26.8
2025-05-07,3.7,26.6
2025-05-08,4.8,26.7
2025-05-09,2.4,27.6
2025-05-10,0.5,27.7
2025-05-11,0.1,29.0
2025-05-12,1.3,29.3
2025-05-13,1.9,29.5
2025-05-14,0.3,29.6
2025-05-15,0.5,30.0
2025-05-16,1.0,30.0
2025-05-17,0.4,30.0
2025-05-18,0.0,30.3
2025-05-19,0.0,30.4
2025-05-20,0.1,30.6
2025-05-21,4.0,29.6
2025-05-22,0.0,30.3
2025-05-23,0.0,31.5
2025-05-24,0.0,30.9
2025-05-25,0.0,30.1
2025-05-26,0.2,31.0
2025-05-27,2.7,29.8
2025-05-28,3.7,29.3
2025-05-29,1.5,30.0
2025-05-30,1.1,30.4
2025-05-31,0.7,30.3
2025-06-01,0.5,29.3
2025-06-02,3.9,29.0
2025-06-03,2.6,28.3
2025-06-04,8.0,27.8
2025-06-05,0.8,28.7
2025-06-06,0.0,29.5
2025-06-07,0.0,30.0
2025-06-08,1.4,29.9
2025-06-09,0.0,30.1
2025-06-10,0.0,30.1
2025-06-11,0.0,30.5
2025-06-12,0.0,30.8
2025-06-13,4.0,30.2
2025-06-14,50.0,29.8
2025-06-15,40.7,28.2
2025-06-16,41.0,26.8
2025-06-17,17.3,27.9
2025-06-18,51.5,27.6
2025-06-19,58.1,27.5
2025-06-20,7.0,28.7
2025-06-21,25.1,26.6
2025-06-22,21.7,26.6
2025-06-23,53.2,26.4
2025-06-24,57.6,26.2
2025-06-25,18.8,26.8
2025-06-26,38.9,26.1
2025-06-27,11.0,26.9
2025-06-28,17.6,26.6
2025-06-29,32.4,26.8
2025-06-30,20.3,26.8
2025-07-01,27.9,26.9
2025-07-02,32.9,26.6
2025-07-03,14.0,26.6
2025-07-04,37.6,26.4
2025-07-05,34.0,26.3
2025-07-06,48.1,26.0
2025-07-07,6.1,26.8
2025-07-08,6.9,27.3
2025-07-09,19.6,26.4
2025-07-10,4.4,27.7
2025-07-11,2.5,27.4
2025-07-12,3.5,27.7
2025-07-13,10.6,27.0
2025-07-14,24.4,26.8
2025-07-15,7.1,27.7
2025-07-16,3.8,28.0
2025-07-17,1.8,28.2
2025-07-18,2.6,28.0
2025-07-19,3.1,27.7
2025-07-20,7.9,27.1
2025-07-21,6.0,26.9
2025-07-22,4.1,27.4
2025-07-23,20.5,26.8
2025-07-24,9.2,26.5
2025-07-25,17.9,26.9
2025-07-26,30.2,26.3
2025-07-27,27.1,26.5
2025-07-28,25.7,26.5
2025-07-29,9.8,26.4
2025-07-30,3.2,27.3
2025-07-31,7.7,27.0
2025-08-01,6.3,27.0
2025-08-02,3.7,26.9
2025-08-03,2.6,26.8
2025-08-04,2.3,27.1
2025-08-05,2.0,27.3
2025-08-06,1.2,27.3
2025-08-07,0.7,27.6
2025-08-08,0.1,27.7
2025-08-09,5.0,27.0
2025-08-10,3.4,26.8
2025-08-11,2.9,26.8
2025-08-12,4.5,27.0
2025-08-13,5.9,26.7
2025-08-14,3.3,26.6
2025-08-15,15.7,26.5
2025-08-16,15.8,26.0
2025-08-17,5.5,26.4
2025-08-18,12.7,26.2
2025-08-19,14.0,26.5
2025-08-20,71.5,25.8
2025-08-21,35.9,26.2
2025-08-22,13.2,26.4
2025-08-23,38.5,25.5
2025-08-24,20.6,26.1
2025-08-25,25.1,25.7
2025-08-26,22.9,26.3
2025-08-27,11.4,26.7
2025-08-28,15.0,26.5
2025-08-29,19.9,26.5
2025-08-30,11.5,26.6
2025-08-31,8.7,26.6
2025-09-01,25.4,26.3
2025-09-02,6.9,26.9
2025-09-03,1.7,27.3
2025-09-04,21.9,26.0
2025-09-05,52.7,26.3
2025-09-06,29.9,26.1
2025-09-07,23.6,25.8
2025-09-08,1.4,26.2
2025-09-09,0.4,26.4
2025-09-10,0.0,26.2
2025-09-11,1.7,26.5
2025-09-12,0.7,27.0
2025-09-13,0.9,27.1
2025-09-14,4.3,27.2
2025-09-15,5.7,27.1
2025-09-16,31.4,26.5
2025-09-17,1.5,27.1
2025-09-18,0.5,27.5
2025-09-19,2.9,26.9
2025-09-20,0.8,26.8
2025-09-21,5.9,26.7
2025-09-22,4.3,26.3
2025-09-23,9.7,26.8
2025-09-24,2.3,27.0
2025-09-25,2.0,26.4
2025-09-26,1.6,27.1
2025-09-27,4.7,28.3
2025-09-28,49.2,25.9
2025-09-29,6.0,25.7
2025-09-30,1.8,26.0
2025-10-01,0.9,26.5
2025-10-02,7.5,26.1
2025-10-03,1.9,26.7
2025-10-04,0.6,26.9
2025-10-05,0.8,26.7
2025-10-06,0.5,26.5
2025-10-07,4.4,25.7
2025-10-08,0.2,26.5
2025-10-09,0.0,26.6
2025-10-10,0.0,26.1
2025-10-11,0.0,25.8
2025-10-12,0.0,25.7
2025-10-13,0.0,25.5
2025-10-14,0.0,25.7
2025-10-15,0.0,26.5
2025-10-16,1.4,27.5
2025-10-17,1.3,28.6
2025-10-18,0.6,28.6
2025-10-19,0.2,28.7
2025-10-20,0.5,28.2
2025-10-21,0.0,28.5
2025-10-22,3.7,27.9
2025-10-23,0.4,29.4
2025-10-24,2.3,28.3
2025-10-25,25.0,26.9
2025-10-26,51.9,25.3
2025-10-27,32.0,26.0
2025-10-28,0.1,27.5
2025-10-29,14.8,26.5
2025-10-30,26.3,25.1
2025-10-31,10.1,25.5
2025-11-01,2.7,26.7
2025-11-02,2.1,26.6
2025-11-03,0.4,26.8
2025-11-04,2.3,26.1
2025-11-05,0.3,25.2
2025-11-06,0.0,24.9
2025-11-07,0.0,24.4
2025-11-08,0.0,23.5
2025-11-09,0.0,22.6
2025-11-10,0.0,22.7
2025-11-11,0.0,22.6
2025-11-12,0.0,22.5
2025-11-13,0.0,22.6
2025-11-14,0.0,23.3
2025-11-15,0.0,23.4
2025-11-16,0.0,23.5
2025-11-17,0.0,22.7
2025-11-18,0.0,22.3
2025-11-19,0.0,22.2
2025-11-20,0.0,22.7
2025-11-21,0.0,23.5
2025-11-22,0.0,24.0
2025-11-23,0.0,24.0
2025-11-24,0.0,24.6
2025-11-25,0.0,25.0
2025-11-26,0.0,24.9
2025-11-27,0.0,25.6
2025-11-28,0.0,25.3
2025-11-29,0.0,24.3
2025-11-30,0.0,23.1
2025-12-01,0.0,22.8
2025-12-02,0.0,22.6
2025-12-03,0.0,23.1
2025-12-04,0.0,23.8
2025-12-05,0.0,24.3
2025-12-06,0.0,23.9
2025-12-07,0.0,23.8
2025-12-08,0.0,23.8
2025-12-09,0.0,23.3
2025-12-10,0.0,23.3
2025-12-11,0.0,21.8
2025-12-12,0.0,21.4
2025-12-13,0.0,22.0
2025-12-14,0.0,22.8
2025-12-15,0.0,23.2
2025-12-16,0.0,22.9
2025-12-17,0.0,24.0
2025-12-18,0.0,23.6
2025-12-19,0.0,22.4
2025-12-20,0.0,23.1
2025-12-21,0.0,23.0
2025-12-22,0.0,22.9
2025-12-23,0.0,24.2
2025-12-24,0.0,23.7
2025-12-25,0.0,22.9
2025-12-26,0.0,22.8
2025-12-27,0.0,23.2
2025-12-28,0.0,23.2
2025-12-29,0.0,22.8
2025-12-30,0.0,21.2
2025-12-31,0.0,21.6
2026-01-01,0.8,22.3
2026-01-02,0.0,22.9
2026-01-03,0.0,22.6
2026-01-04,0.0,22.7
2026-01-05,0.0,23.0
2026-01-06,0.0,22.1
2026-01-07,0.0,21.8
2026-01-08,0.0,21.3
2026-01-09,0.0,21.3
2026-01-10,0.0,20.7
2026-01-11,0.0,21.3
2026-01-12,0.0,22.1
2026-01-13,0.0,23.1
2026-01-14,0.0,22.5
2026-01-15,0.0,20.7
2026-01-16,0.0,21.5
2026-01-17,0.0,20.7
2026-01-18,0.0,20.5
2026-01-19,0.0,20.8
2026-01-20,0.0,21.8
2026-01-21,0.0,23.3
2026-01-22,0.0,22.8
2026-01-23,0.1,22.0
2026-01-24,0.0,21.4
2026-01-25,0.0,22.0
2026-01-26,0.0,22.8
2026-01-27,0.0,22.4
2026-01-28,0.0,21.8
2026-01-29,0.0,23.2
2026-01-30,0.0,24.7
2026-01-31,0.0,24.1
2026-02-01,0.0,24.5
2026-02-02,0.0,25.2
2026-02-03,0.0,24.9
2026-02-04,0.0,25.5
2026-02-05,0.0,25.5
2026-02-06,0.0,25.5
2026-02-07,0.0,25.0
2026-02-08,0.0,25.3
2026-02-09,0.0,24.2
2026-02-10,0.0,24.0
2026-02-11,0.0,25.4
2026-02-12,0.0,25.3
2026-02-13,0.0,25.2
2026-02-14,0.0,26.5
2026-02-15,0.0,26.5
2026-02-16,0.0,25.6
2026-02-17,0.0,24.6
2026-02-18,0.0,24.2
2026-02-19,0.0,25.0
2026-02-20,0.0,27.1
2026-02-21,0.0,26.7
2026-02-22,0.0,26.1
2026-02-23,0.0,27.2
2026-02-24,0.0,26.9
2026-02-25,0.0,25.9
2026-02-26,0.0,24.3
2026-02-27,0.0,24.4
2026-02-28,0.0,24.6
2026-03-01,0.0,24.8
2026-03-02,0.0,25.1
2026-03-03,0.0,27.6
2026-03-04,0.0,29.1
2026-03-05,0.0,29.3
2026-03-06,0.0,27.2
2026-03-07,0.0,27.0
2026-03-08,0.0,29.0
2026-03-09,0.0,30.8
2026-03-10,0.0,30.6
2026-03-11,0.0,28.7
2026-03-12,0.0,29.5
2026-03-13,0.0,29.8
2026-03-14,0.0,28.0
2026-03-15,0.0,27.2
2026-03-16,0.1,26.6
2026-03-17,0.0,25.6
2026-03-18,0.0,25.5
2026-03-19,0.0,25.7
2026-03-20,0.0,25.6
2026-03-21,0.0,26.7
2026-03-22,0.0,28.3
2026-03-23,0.0,29.4
2026-03-24,0.0,29.0
2026-03-25,0.0,29.1
2026-03-26,0.0,29.7
2026-03-27,0.0,30.2
2026-03-28,0.0,27.7
2026-03-29,0.0,28.4
2026-03-30,0.0,28.6
2026-03-31,0.0,28.0
2026-04-01,0.0,27.4
2026-04-02,0.0,27.2
2026-04-03,0.0,27.9
2026-04-04,0.2,27.3
2026-04-05,0.0,27.2
2026-04-06,0.0,27.2
2026-04-07,0.0,27.6
2026-04-08,1.4,28.2
2026-04-09,0.0,28.1
2026-04-10,0.0,28.7
2026-04-11,0.0,30.0
2026-04-12,0.0,30.1
2026-04-13,0.0,29.4
2026-04-14,0.0,29.9
2026-04-15,0.0,28.7
2026-04-16,0.0,28.0
2026-04-17,0.0,28.9
2026-04-18,0.0,29.7
2026-04-19,0.0,30.5
2026-04-20,0.0,29.6
2026-04-21,0.0,30.5
2026-04-22,0.0,30.5
2026-04-23,0.0,31.5
2026-04-24,0.0,31.4
2026-04-25,0.0,31.6
2026-04-26,0.0,31.6
2026-04-27,0.0,30.3
2026-04-28,0.0,30.0
2026-04-29,0.0,29.6
2026-04-30,0.0,29.6
2026-05-01,0.0,29.8
2026-05-02,0.0,30.1
2026-05-03,0.1,30.1
2026-05-04,0.5,30.1
2026-05-05,0.3,29.9
2026-05-06,0.1,29.6
2026-05-07,0.0,30.3
2026-05-08,0.0,30.2
2026-05-09,0.0,31.5
2026-05-10,0.0,32.4
2026-05-11,0.0,32.7
2026-05-12,0.0,31.7
2026-05-13,0.0,30.8
2026-05-14,0.0,31.3
2026-05-15,0.0,30.8
2026-05-16,0.0,31.3
2026-05-17,0.0,31.7
2026-05-18,0.0,31.3
2026-05-19,0.0,30.5
2026-05-20,0.0,30.5
2026-05-21,0.0,30.9
2026-05-22,0.2,31.0
2026-05-23,0.1,31.6
2026-05-24,3.5,31.1
2026-05-25,0.8,31.2
2026-05-26,0.2,31.0
2026-05-27,0.0,31.3
2026-05-28,0.0,31.0
2026-05-29,0.0,31.3
2026-05-30,0.5,31.5
2026-05-31,4.7,30.6
2026-06-01,1.4,31.2
2026-06-02,4.0,29.5
2026-06-03,1.4,30.3
2026-06-04,0.8,31.0
2026-06-05,1.0,31.2
2026-06-06,0.5,31.8
2026-06-07,0.0,31.8
2026-06-08,1.4,31.6
2026-06-09,0.8,31.5
2026-06-10,4.0,31.2
2026-06-11,0.9,31.4
2026-06-12,1.1,31.4
2026-06-13,0.3,31.4
2026-06-14,1.9,31.2
2026-06-15,2.5,30.9
2026-06-16,0.2,31.3
2026-06-17,3.0,30.6
2026-06-18,1.1,30.8
2026-06-19,3.0,30.0
2026-06-20,0.7,30.8
2026-06-21,0.0,31.0
2026-06-22,6.3,29.4
2026-06-23,4.3,28.4
2026-06-24,3.5,27.4
2026-06-25,2.9,29.5
2026-06-26,2.1,30.4
2026-06-27,0.9,30.7
2026-06-28,1.9,30.9
2026-06-29,5.6,29.7
2026-06-30,18.6,27.5
